Hashtag,Event/Concept
btsbbmas,e
takeaknee,e
labordayweekend,e
impeachtrump,e
memorialdayweekend,e
rivalrybeef,e
womensmarch,e
oscars,e
houston,e
hurricaneharvey,e
4thofjuly,e
alternativefacts,c
strangersthings2,e
covfefe,e
oscars2017,e
lasvegasshooting,e
hiring,e
merica,e
happy4th,e
lasvegas,e
billpaxton,e
houstonflood,e
florida,e
inauguration,e
valentinesday2017,e
happyhalloween,e
valentines,e
trumpinauguration,e
resist,e
mymaddenprediction,e
tompetty,e
happyhalloween2017,e
superbowlsunday,e
igotthecavs,c
happythanksgiving,e
sayitwithstickers,c
nationalboyfriendday,e
merylstreep,e
united,e
harvey2017,e
nationalpuppyday,e
shether,e
solareclipse2017,e
donoharm,e
fathersday2017,e
starbuckssummergame,e
ramadan,e
earthday,e
moab,e
ripchriscornell,e
nye2017,e
presidentsday,e
blackfriday,e
threewordflirting,c
internationalkissingday,e
blackfriday2017,e
sugarsemi,e
bb19finale,e
christmasday2017,e
mothersday2017,e
mothersday,e
christmaseve,e
christmaseveeve,e
imsooldschoolthat,c
ifalcoholdidntexist,c
garyfromchicago,e
vampsatq102,e
ufcmexico,e
thingsyoudontaccept,c
prowrestleramovie,e
disappointafilm,c
nbavote,e
wrestlemania,e
independenceday,e
irmahurricane,e
hurrcaneirma,e
25thamendmentnow,e
ultra2017,e
taketheknee,e
charolettesville,e
womensmarchla,e
goodfriday,e
stpaddysday,e
heismanhouse,e
confessyourunpopularopinion,c
ios11,e
hurricaneirma,e
barcelona,e
gameofthrones7,e
piday,e
appleevent,e
hellervoteyes,e
marytylermoore,e
makeafriendin5words,c
hurricaneirma2017,e
nationalbeerday,e
earthday2017,e
ripchesterbennington,e
teamrick,e
nationaldanceday,e
nationalgirfriendday,e
robkardashian,e
thanksgivingday,e
tellyourstoryin5words,c
ihopemylastwordsarenot,c
seinfeldtaughtme,c
happythanksgiving2017,e
nintendoswitch,e
shortgirlappreciationday,c
signsthatyoureold,c
blackmirror4,e
thegiftofsox,e
trumpbiographytitles,c
merrychristmaseveryone,e
thingsneversaidonstartrek,c
my4wordobituary,c
ifcellphonesdidntexist,c
ifiwerepresidentforoneday,c
ifpizzadidntexist,c
myfavoriteplacein3words,c
roastofstevebannon,e
oneletterofftvshows,c
4wordembarrassment,c
onlinedatingin4words,c
signsyoureoutoftouch,c
childhooddreamin5words,c
louisville,e
lifeismorebeautifulwhen,c
footballmovies,c
4wordsyelledbeforestreaking,c
addatoyimproveamovie,c
hornyauthors,c
redneckamovie,c
superbowl,e
houstonstrong,e
grahamcassidy,e
nyfw,e
sb51,e
sdcc,e
sharkweek,e
harvey,e
280characters,c
metoo,e
charlottesville,e
maga,e
holdthefloor,e
parisagreement,e
morelife,e
inbound17,e
cmafest,e
thomasfire,e
hurricaineirma,e
guncontrolnow,e
netnuetrality,e
prayforhouston,e
iheartfestival,e
susanrice,e
postyourqueen,c
jointaddress,e
msignite,e
sessions,e
trumpresign,e
4thofjulyweekend,e
obamagate,e
maythefourthbewithyou,c
newunitedairlinesmottos,e
olsenwpmoychallenge,c
snowpocalypse,e
nationalbestfriendsday,e
4thofjuly2017,e
central_rys17,e
nationalpetday,e
rockineve,e
america,e
offendeveryonein4words,c
canada150,e
nationalbestfriendday,e
gls17,e
bepositivein4words,c
gameofthronesfinale,e
nationalpizzaday,e
thanksgivingeve,e
nationalsiblingday,e
harrypotter20,e
comeyfiring,e
boycottunitedairlines,e
worldmentalhealthday,e
devoshearing,e
ruinagoodtimein4words,c
ge2017,e
onelovemanchester,e
ufc211,e
cnnnye,e
riptompetty,e
nationaldonutday,e
texasstrong,e
internationaldayofhappiness,e
nationalboyfrienday,e
andthatswhywecantbefriends,c
newtwitter,e
mealsonwheels,e
sharknado5,e
ufc210,e
happyhallowen,e
imarchwithlinda,e
quitthecouncil,e
kathygriffin,e
hurricanenate,e
syria,e
remyma,e
happy420,e
wjc2017,e
hanukkah,e
September11,e
beforetheinternetexisted,c
ripchesterbennigton,e
worldpoetryday,e
wwenomercy,e
skirballfire,e
adamwest,e
whitepeople,c
batman,e
mobbdeep,e
fightnight,e
mentalhealthawarenessday,e
newyearseve2017,e
nationalsuperheroday,e
mattlauer,e
illegitimatepresident,e
impeach45,e
heterosexualprideday,e
nationalcatday,e
worldemojiday,c
rednoseday,e
sheinspiresme,c
texas,e
atmidnightin5words,c
taylorswiftisback,e
pepsi,e
nationalhotdogday,e
ufc219,e
mylabordayin4words,c
bumperstickersforbadparents,c
goldenglobe,e
babygroot,e
mytipsformentalhealth,c
onefactaboutme,c
askethanandgrayson,c
whoareyouin4words,c
eastersunday,e
macul17,e
jayz,e
thankyoualabama,e
donjrchildrensbooks,c
miloatcal,e
worstmusicforafuneral,c
nationalcheeseburgerday,e
benatberkeley,e
elderlybeatlessongs,c
ourfuturein5words,c
trumpcareisworsethan,c
bbmas2017,e
smallbusinesssaturday,e
nationalwineday,e
bestpartof2017forme,c
signsyoureabadpresident,c
justruinabandname,c
paulryanin4words,c
personalvictoryin3words,c
anxietyin5words,c
guyfierisongs,c
my4worddealbreaker,c
redeye,e
bonesfinale,e
makeabandlesspopular,c
freerosa,e
memorialday17,e
questionsihaveforsongs,c
problematickidsshows,e
monsteramovie,c
millennialdisney,c
presidentialtvshows,c
babytv,c
drunkbands,c
onewordoffbooks,c
whatimgoodatin5words,c
maythe4th,e
sapphirenow,c
ufcfortaleza,e
cmas,e
unlikelystarwarsspinoffs,c
mylovelifein5words,c
ifyouvotefortrumpcare,c
3wordcauseofdeath,c
makeamovietitleevenbetter,c
honesttvshows,c
agile2017,c
dogsongs,c
dcpublicschools,e
nationalsandwichday,e
badhorrortitles,c
ufcsydney,e
makemeangryin5words,c
illneverbetoooldfor,c
ifcollegedidntexist,c
soultrainawards,e
tvhastaughtme,c
istilldontunderstand,c
internetamovie,c
waystoannoyyourdad,c
reduceatvshow,c
makeasongboring,c
ispendtoomuchtime,c
dickflicks,c
makemecringein3words,c
eastcoastin5words,c
flashbackfriday,c
wednesdaywisdom,c
mondaymotivation,c
thursdaythoughts,c
tacotuesday,c
thisisus,c
saturdaynight,c
scandal,c
fridaynight,c
friyay,c
musicmonday,c
amjoy,c
riverdale,c
thebachelor,c
flyeaglesfly,c
thirstythursday,c
thewalkingdead,e
tuesdaythoughts,c
greysanatomy,e
motivationmonday,c
90dayfiance,c
svengoolie,c
empire,c
traveltuesday,c
rhobh,c
insecurehbo,c
rhoc,c
saturdaymorning,c
usmnt,c
thebachelorette,c
httr,c
morningjoe,c
htgawm,c
herewego,c
impactonpop,c
caturday,c
dateline,c
theflash,e
supernatural,c
ahscult,c
sundaymorning,c
newmusicfriday,c
rhony,c
lhhh,c
star,c
tuesdaymotivation,c
dragonballsuper,c
inners,c
lhhny,c
skol,c
twinpeaks,e
nbafinals,e
wwenxt,e
supergirl,e
snowday,c
criticalrole,c
hahn,c
patriots,e
blackinkcrew,e
gopackgo,c
pumprules,c
toonami,c
gotham,e
205live,e
winewednesday,c
powerstarz,e
the100,c
agentsofshield,e
beingmaryjane,c
thefive,e
southerncharm,c
texans,c
arrow,e
ghostadventures,c
fighton,c
dragrace,c
greenleaf,c
flythew,c
survivor,e
earthquake,e
seahawks,e
ayto,e
teenwolf,e
basketballwives,c
letsgopens,c
bachelorinparadise,c
tgit,c
keeppounding,c
mostrequestedlive,c
kuwtk,c
browns,c
teenmom2,c
cttraffic,c
transformationtuesday,c
rolltide,e
fridaynightlights,c
legendsoftomorrow,c
hardball,c
maddow,c
projectrunway,c
thechallengexxx,c
tytlive,c
wynonnaearp,c
realtime,c
safarilive,c
bgc17,e
whodat,c
bears,c
rctid,c
doctorwho,e
onceuponatime,c
lucifer,e
thevoice,e
smackdownlive,e
prisonbreak,e
nashvillecmt,e
usoc2017,e
maeyoungclassic,c
blackinkchi,c
ncaatournament,e
destiny2,e
catfish,c
taxreform,e
clawstnt,e
fallontonight,e
chicagopd,e
pllendgame,e
batesmotel,e
belowdeckmed,c
thechallengeinvasion,c
sytycd,c
onepride,c
biglittlelies,c
married2med,c
alsen,c
itmovie,c
pressbriefing,e
bmoviemaniacs,c
13reasonswhy,c
outlander,e
chicagofire,e
antifa,c
49ers,c
hearties,c
rhonj,c
chiefs,c
powertv,c
scotus,e
timeless,c
cashappfriday,c
coys,c
justiceleague,c
animalkingdom,c
feartwd,c
summerslam,c
grimm,c
masterchef,c
mondaymotivaton,c
talkingsmack,c
designatedsurvivor,c
iflovingyouiswrong,c
blacklivesmatter,c
therapgame,c
broncos,c
rhop,c
littlewomenatl,c
pride2017,e
bettercallsaul,e
gameofthones,e
colony,c
whatilearnedtoday,c
pugchat,c
blackish,c
dbzkai,c
jets,c
americangods,c
survivorgamechangers,c
gobills,e
defendtheland,c
missuniverse,e
travelban,e
sleepyhollow,c
tucker,c
saveaca,c
bills,c
royalrumble,c
americanninjawarrior,c
chiefskingdom,c
luchaunderground,c
shotsfired,c
nycc,c
rhod,c
daylightsavings,c
sharktank,c
uswnt,c
godawgs,c
lastword,e